id_plano_acao,id_programacao,situacao_programacao,emitente_programacao,favorecida_programacao,recebimento_programacao,numero_programacao
200,966,ENVIADA,203001,120016,2023-02-27 16:17:34.116666408,2023PF000042
200,997,ENVIADA,203001,120016,2023-03-06 09:32:48.233333198,2023PF000044
200,1411,ENVIADA,203001,120016,2023-05-11 15:26:25.836666521,2023PF000130
200,1079,ENVIADA,203001,120016,2023-03-15 13:54:38.663333504,2023PF000063
200,1090,ENVIADA,203001,120016,2023-03-20 15:19:03.699999989,2023PF000068
200,1120,ENVIADA,203001,120016,2023-03-28 14:23:24.663333387,2023PF000073
200,1147,ENVIADA,203001,120016,2023-04-04 16:21:15.796666854,2023PF000086
200,1416,ENVIADA,203001,120016,2023-05-11 16:10:53.880000188,2023PF000133
200,1294,ENVIADA,203001,120016,2023-05-02 14:16:08.506666738,2023PF000116
200,1430,ENVIADA,203001,120016,2023-05-15 10:54:23.590000080,2023PF000136
200,1454,ENVIADA,203001,120016,2023-05-23 10:47:09.010000219,2023PF000148
200,1551,ENVIADA,203001,120016,2023-06-01 15:33:40.189999809,2023PF000158
200,1644,ENVIADA,203001,120016,2023-06-22 17:14:01.363333536,2023PF000182
200,1564,ENVIADA,203001,120016,2023-06-06 09:26:16.079999838,2023PF000165
200,1577,ENVIADA,203001,120016,2023-06-07 14:31:02.769999801,2023PF000173
200,1755,ENVIADA,203001,120016,2023-07-06 16:02:14.619999842,2023PF000191
200,920,ENVIADA,203001,120016,2023-02-07 14:08:42.803333401,2023PF000031
200,253,ENVIADA,203001,120016,2022-09-01 18:19:31.296666838,2022PF000276
200,257,ENVIADA,203001,120016,2022-09-05 09:38:30.103333137,2022PF000279
200,343,ENVIADA,203001,120016,2022-10-04 09:48:58.716666864,2022PF000335
200,401,ENVIADA,203001,120016,2022-10-20 10:34:07.533333488,2022PF000361
200,434,ENVIADA,203001,120016,2022-11-03 14:58:52.260000170,2022PF000381
200,1398,ENVIADA,203001,120016,2023-05-08 13:49:45.220000218,2023PF000127
200,1875,ENVIADA,203001,120016,2023-07-28 11:38:57.743333168,2023PF000208
200,2012,ENVIADA,203001,120016,2023-08-15 15:43:35.886666884,2023PF000233
200,2034,ENVIADA,203001,120016,2023-08-17 14:10:35.516666671,2023PF000234
200,2078,ENVIADA,203001,120016,2023-08-28 15:31:50.613333548,2023PF000248
200,2289,ENVIADA,203001,120016,2023-09-25 10:14:14.256666801,2023PF000282
200,2241,ENVIADA,203001,120016,2023-09-18 12:15:46.513333169,2023PF000280
200,2477,ENVIADA,203001,120016,2023-10-16 13:27:55.490000307,2023PF000306
200,2478,ENVIADA,203001,120016,2023-10-16 13:30:30.350000082,2023PF000307
200,2935,ENVIADA,203001,120016,2023-12-05 09:04:45.183333584,2023PF000373
200,2708,ENVIADA,203001,120016,2023-11-13 09:46:51.246666382,2023PF000336
200,2707,ENVIADA,203001,120016,2023-11-13 09:36:12.753333187,2023PF000335
200,2709,ENVIADA,203001,120016,2023-11-13 09:55:53.513333204,2023PF000337
200,2750,ENVIADA,203001,120016,2023-11-21 09:21:10.656666535,2023PF000344
200,2842,ENVIADA,203001,120016,2023-11-29 16:26:23.386666401,2023PF000366
200,2964,ENVIADA,203001,120016,2023-12-06 09:26:11.499999912,2023PF000377
200,2988,ENVIADA,203001,120016,2023-12-07 09:36:03.283333254,2023PF000382
200,3027,ENVIADA,203001,120016,2023-12-11 09:03:36.873333325,2023PF000388
200,3143,ENVIADA,203001,120016,2023-12-19 11:30:47.709999884,2023PF000398
200,3271,ENVIADA,203001,120016,2023-12-22 10:08:46.086666740,2023PF000411
200,3497,ENVIADA,203001,120016,2024-01-19 09:32:44.290000011,2024PF000006
200,3503,ENVIADA,203001,120016,2024-01-19 14:28:55.456666512,2024PF000009
200,3769,ENVIADA,203001,120016,2024-02-20 08:58:15.919999760,2024PF000032
200,3837,ENVIADA,203001,120016,2024-02-28 10:50:36.543333160,2024PF000038
200,3841,ENVIADA,203001,120016,2024-02-28 15:27:42.819999710,2024PF000040
200,4179,ENVIADA,203001,120016,2024-04-01 10:47:05.193333510,2024PF000059
200,4181,ENVIADA,203001,120016,2024-04-01 10:47:51.636666891,2024PF000060
200,5118,ENVIADA,203001,120016,2024-06-11 15:40:35.099999742,2024PF000139
200,4519,ENVIADA,203001,120016,2024-04-25 11:25:41.070000218,2024PF000090
200,4518,ENVIADA,203001,120016,2024-04-25 11:25:05.139999975,2024PF000089
200,4729,ENVIADA,203001,120016,2024-05-09 11:06:05.893333424,2024PF000102
200,5524,ENVIADA,203001,120016,2024-07-09 11:54:59.690000197,2024PF000158
200,5582,ENVIADA,203001,120016,2024-07-16 10:57:38.493333380,2024PF000165
200,5726,ENVIADA,203001,120016,2024-07-31 09:22:10.589999790,2024PF000179
200,7011,ENVIADA,203001,120016,2024-11-11 09:49:11.206666511,2024PF000303
200,7501,ENVIADA,203001,120016,2024-12-11 14:14:58.516666543,2024PF000336
200,6257,ENVIADA,203001,120016,2024-09-12 12:22:33.093333399,2024PF000222
200,6254,ENVIADA,203001,120016,2024-09-12 12:09:14.506666565,2024PF000219
200,6255,ENVIADA,203001,120016,2024-09-12 12:12:20.270000275,2024PF000220
200,6256,ENVIADA,203001,120016,2024-09-12 12:14:25.610000115,2024PF000221
200,6261,ENVIADA,203001,120016,2024-09-12 16:35:40.579999892,2024PF000223
200,7719,ENVIADA,203001,120016,2024-12-20 14:02:47.296666841,2024PF000347
200,6490,ENVIADA,203001,120016,2024-10-03 14:16:39.656666884,2024PF000250
200,6535,ENVIADA,203001,120016,2024-10-04 09:37:22.396666463,2024PF000257
200,6565,ENVIADA,203001,120016,2024-10-07 16:29:27.640000253,2024PF000265
200,6669,ENVIADA,203001,120016,2024-10-17 08:39:25.036666698,2024PF000276
200,7334,ENVIADA,203001,120016,2024-12-04 14:45:01.103333595,2024PF000326
200,8613,ENVIADA,203001,120016,2025-02-26 09:55:52.283333334,2025PF000047
200,8423,ENVIADA,203001,120016,2025-02-11 11:22:35.900000270,2025PF000031
200,9954,ENVIADA,203001,120016,2025-06-05 09:26:45.130000067,2025PF000137
200,10284,ENVIADA,203001,120016,2025-06-24 16:07:49.773333074,2025PF000157
200,8806,ENVIADA,203001,120016,2025-03-12 09:34:42.703333158,2025PF000061
200,8831,ENVIADA,203001,120016,2025-03-13 10:12:21.369999761,2025PF000062
200,8998,ENVIADA,203001,120016,2025-03-25 09:55:25.446666633,2025PF000072
200,10098,ENVIADA,203001,120016,2025-06-12 11:40:38.900000087,2025PF000142
200,9332,ENVIADA,203001,120016,2025-04-17 15:15:49.629999908,2025PF000099
200,9911,ENVIADA,203001,120016,2025-06-03 11:01:25.476666430,2025PF000135
200,10890,ENVIADA,203001,120016,2025-08-01 09:53:51.596666482,2025PF000206
200,11087,ENVIADA,203001,120016,2025-08-13 11:44:28.566666378,2025PF000222
200,11088,ENVIADA,203001,120016,2025-08-13 11:48:12.743333409,2025PF000223
200,11254,ENVIADA,203001,120016,2025-08-25 12:01:47.023333199,2025PF000228
200,11646,ENVIADA,203001,120016,2025-09-17 09:37:19.903333569,2025PF000247
200,11660,ENVIADA,203001,120016,2025-09-17 15:55:06.320000112,2025PF000256
200,11704,ENVIADA,203001,120016,2025-09-19 15:09:46.316666773,2025PF000263
200,12368,ENVIADA,203001,120016,2025-11-03 11:03:49.689999835,2025PF000298
200,12369,ENVIADA,203001,120016,2025-11-03 11:05:03.596666824,2025PF000299
198,942,ENVIADA,203001,120016,2023-03-06 09:41:20.326666778,2023PF000045
198,998,ENVIADA,203001,120016,2023-03-06 09:43:51.016666794,2023PF000046
198,1788,ENVIADA,203001,120016,2023-07-13 16:41:15.353333050,2023PF000197
198,1819,ENVIADA,203001,120016,2023-07-20 15:28:01.436666609,2023PF000203
198,1254,ENVIADA,203001,120016,2023-04-24 10:14:21.246666734,2023PF000102
198,1404,ENVIADA,203001,120016,2023-05-09 14:33:49.296666450,2023PF000128
198,1277,ENVIADA,203001,120016,2023-04-26 16:20:53.843333406,2023PF000108
198,1071,ENVIADA,203001,120016,2023-03-13 10:04:46.053333428,2023PF000058
198,1082,ENVIADA,203001,120016,2023-03-17 10:39:15.843333274,2023PF000064
198,1295,ENVIADA,203001,120016,2023-05-02 14:45:37.896666511,2023PF000117
198,1296,ENVIADA,203001,120016,2023-05-02 14:51:15.933333156,2023PF000118
198,1149,ENVIADA,203001,120016,2023-04-04 16:52:19.203333182,2023PF000088
198,1432,ENVIADA,203001,120016,2023-05-15 14:38:02.833333152,2023PF000137
198,1433,ENVIADA,203001,120016,2023-05-15 16:26:27.126666355,2023PF000138
198,1453,ENVIADA,203001,120016,2023-05-23 10:45:51.483333623,2023PF000147
198,1653,ENVIADA,203001,120016,2023-06-26 09:59:11.373333601,2023PF000184
198,1645,ENVIADA,203001,120016,2023-06-22 17:16:10.533333601,2023PF000183
198,1492,ENVIADA,203001,120016,2023-05-30 17:33:16.416666636,2023PF000152
198,1793,ENVIADA,203001,120016,2023-07-14 11:45:14.376666720,2023PF000199
198,1772,ENVIADA,203001,120016,2023-07-11 11:47:39.983333320,2023PF000195
198,1953,ENVIADA,203001,120016,2023-08-02 16:44:43.556666507,2023PF000216
198,453,ENVIADA,203001,120016,2022-11-08 14:11:13.059999919,2022PF000385
198,458,ENVIADA,203001,120016,2022-11-09 16:07:59.909999831,2022PF000388
198,149,ENVIADA,203001,120016,2022-07-25 11:26:51.856666785,2022PF000213
198,492,ENVIADA,203001,120016,2022-11-22 14:16:26.026666386,2022PF000412
198,495,ENVIADA,203001,120016,2022-11-23 13:18:15.699999876,2022PF000415
198,508,ENVIADA,203001,120016,2022-11-25 16:07:31.846666961,2022PF000424
198,591,ENVIADA,203001,120016,2022-12-14 14:12:03.516666497,2022PF000462
198,520,ENVIADA,203001,120016,2022-12-01 09:16:22.663333231,2022PF000431
198,600,ENVIADA,203001,120016,2022-12-16 13:39:23.609999931,2022PF000466
198,622,ENVIADA,203001,120016,2022-12-20 13:49:44.846666898,2022PF000472
198,46,ENVIADA,203001,120016,2022-06-23 14:13:03.346666605,2022PF000170
198,538,ENVIADA,203001,120016,2022-12-06 14:51:34.773333566,2022PF000445
198,632,ENVIADA,203001,120016,2022-12-21 15:14:03.376666680,2022PF000475
198,344,ENVIADA,203001,120016,2022-09-29 14:22:34.103333040,2022PF000331
198,731,ENVIADA,203001,120016,2022-12-28 13:43:33.259999923,2022PF000493
198,684,ENVIADA,203001,120016,2022-12-26 15:16:15.916666448,2022PF000479
198,140,ENVIADA,203001,120016,2022-07-19 11:46:18.063333454,2022PF000199
198,165,ENVIADA,203001,120016,2022-07-29 15:22:56.923333271,2022PF000228
198,162,ENVIADA,203001,120016,2022-07-29 10:57:25.893333201,2022PF000224
198,184,ENVIADA,203001,120016,2022-08-05 14:14:25.643333483,2022PF000236
198,209,ENVIADA,203001,120016,2022-08-12 13:29:19.123333264,2022PF000248
198,219,ENVIADA,203001,120016,2022-08-18 14:25:07.290000255,2022PF000252
198,264,ENVIADA,203001,120016,2022-09-05 15:58:24.186666642,2022PF000286
198,274,ENVIADA,203001,120016,2022-09-06 13:28:45.473333479,2022PF000289
198,312,ENVIADA,203001,120016,2022-09-21 09:28:45.563333324,2022PF000318
198,341,ENVIADA,203001,120016,2022-09-29 14:14:17.053333431,2022PF000329
198,354,ENVIADA,203001,120016,2022-10-04 10:01:15.416666641,2022PF000336
198,403,ENVIADA,203001,120016,2022-10-20 10:48:18.873333305,2022PF000363
198,861,ENVIADA,203001,120016,2023-02-02 15:38:58.893333639,2023PF000028
198,866,ENVIADA,203001,120016,2023-02-03 11:51:48.933333334,2023PF000029
198,1985,ENVIADA,203001,120016,2023-08-09 16:22:22.616666904,2023PF000227
198,2035,ENVIADA,203001,120016,2023-08-17 14:12:51.976666918,2023PF000235
198,2036,ENVIADA,203001,120016,2023-08-17 14:20:45.609999892,2023PF000236
198,2061,ENVIADA,203001,120016,2023-08-24 10:14:46.900000227,2023PF000242
198,2080,ENVIADA,203001,120016,2023-08-28 15:35:16.653333209,2023PF000250
198,2301,ENVIADA,203001,120016,2023-09-26 14:06:17.333333112,2023PF000285
198,2308,ENVIADA,203001,120016,2023-09-27 13:11:09.613333043,2023PF000288
198,2182,ENVIADA,203001,120016,2023-09-11 11:49:39.986666771,2023PF000259
198,2215,ENVIADA,203001,120016,2023-09-12 16:36:29.636666513,2023PF000270
198,2225,ENVIADA,203001,120016,2023-09-14 10:38:39.636666726,2023PF000275
198,2239,ENVIADA,203001,120016,2023-09-18 12:10:56.196666436,2023PF000278
198,2889,ENVIADA,203001,120016,2023-12-04 12:42:17.570000047,2023PF000370
198,2463,ENVIADA,203001,120016,2023-10-11 10:15:20.086666430,2023PF000303
198,2992,ENVIADA,203001,120016,2023-12-07 09:42:44.663333397,2023PF000385
198,2705,ENVIADA,203001,120016,2023-11-13 09:31:12.219999882,2023PF000333
198,2732,ENVIADA,203001,120016,2023-11-16 11:54:07.466666483,2023PF000343
198,2754,ENVIADA,203001,120016,2023-11-21 09:28:29.549999841,2023PF000348
198,2803,ENVIADA,203001,120016,2023-11-23 16:52:32.066666771,2023PF000351
198,3075,ENVIADA,203001,120016,2023-12-13 10:20:28.216666936,2023PF000392
198,3074,ENVIADA,203001,120016,2023-12-13 10:18:40.163333417,2023PF000391
198,3135,ENVIADA,203001,120016,2023-12-19 10:26:13.139999736,2023PF000393
198,3502,ENVIADA,203001,120016,2024-01-19 14:23:31.646666567,2024PF000008
198,3836,ENVIADA,203001,120016,2024-02-28 10:49:01.350000168,2024PF000037
198,4011,ENVIADA,203001,120016,2024-03-12 14:13:32.633333212,2024PF000049
198,4180,ENVIADA,203001,120016,2024-04-01 10:45:33.760000111,2024PF000058
198,4442,ENVIADA,203001,120016,2024-04-18 14:28:37.470000221,2024PF000082
198,4520,ENVIADA,203001,120016,2024-04-25 11:26:41.943333540,2024PF000091
198,5525,PENDENTE_ENVIO,203001,120016,,
203,1786,ENVIADA,203001,120016,2023-07-13 15:14:46.113333262,2023PF000196
203,1222,ENVIADA,203001,120016,2023-04-12 11:54:22.063333440,2023PF000094
203,1078,ENVIADA,203001,120016,2023-03-14 16:10:28.433333619,2023PF000062
203,1088,ENVIADA,203001,120016,2023-03-20 11:04:49.616666967,2023PF000065
203,1138,ENVIADA,203001,120016,2023-03-31 11:47:11.463333613,2023PF000080
203,1556,ENVIADA,203001,120016,2023-06-02 15:39:22.536666846,2023PF000162
203,1643,ENVIADA,203001,120016,2023-06-22 17:09:33.833333471,2023PF000181
203,1563,ENVIADA,203001,120016,2023-06-06 09:23:17.653333611,2023PF000164
203,1634,ENVIADA,203001,120016,2023-06-22 09:28:48.400000066,2023PF000178
203,1576,ENVIADA,203001,120016,2023-06-07 17:45:34.069999979,2023PF000174
203,1756,ENVIADA,203001,120016,2023-07-06 16:03:41.566666639,2023PF000192
203,448,ENVIADA,203001,120016,2022-11-07 11:34:38.713333514,2022PF000382
203,457,ENVIADA,203001,120016,2022-11-09 15:54:36.796666487,2022PF000387
203,481,ENVIADA,203001,120016,2022-11-18 08:41:53.780000297,2022PF000403
203,494,ENVIADA,203001,120016,2022-11-22 15:12:10.896666736,2022PF000414
203,493,ENVIADA,203001,120016,2022-11-22 14:20:50.940000150,2022PF000413
203,514,ENVIADA,203001,120016,2022-11-29 10:11:54.186666763,2022PF000427
203,527,ENVIADA,203001,120016,2022-12-02 08:41:42.486666734,2022PF000435
203,126,ENVIADA,203001,120016,2022-07-08 10:18:55.046666485,2022PF000188
203,683,ENVIADA,203001,120016,2022-12-26 15:07:04.886666425,2022PF000478
203,827,ENVIADA,203001,120016,2023-01-20 16:12:36.526666694,2023PF000013
203,36,ENVIADA,203001,120016,2022-06-13 10:39:41.959999728,2022PF000162
203,138,ENVIADA,203001,120016,2022-07-15 09:44:37.016666854,2022PF000198
203,40,ENVIADA,203001,120016,2022-06-21 16:38:57.610000141,2022PF000167
203,50,ENVIADA,203001,120016,2022-06-29 16:40:54.986666845,2022PF000180
203,48,ENVIADA,203001,120016,2022-06-29 14:17:17.963333350,2022PF000179
203,144,ENVIADA,203001,120016,2022-07-21 14:52:25.806666696,2022PF000208
203,153,ENVIADA,203001,120016,2022-07-26 14:00:06.783333212,2022PF000217
203,217,ENVIADA,203001,120016,2022-08-17 14:04:42.870000184,2022PF000251
203,239,ENVIADA,203001,120016,2022-08-24 09:24:51.096666666,2022PF000267
203,259,ENVIADA,203001,120016,2022-09-05 09:42:37.233333213,2022PF000281
203,265,ENVIADA,203001,120016,2022-09-05 16:04:10.553333620,2022PF000287
203,272,ENVIADA,203001,120016,2022-09-06 09:44:55.786666640,2022PF000288
203,285,ENVIADA,203001,120016,2022-09-15 11:50:24.136666817,2022PF000297
203,290,ENVIADA,203001,120016,2022-09-16 10:03:11.880000311,2022PF000302
203,311,ENVIADA,203001,120016,2022-09-21 09:26:02.536666540,2022PF000317
203,338,ENVIADA,203001,120016,2022-09-28 15:34:32.353333354,2022PF000327
203,342,ENVIADA,203001,120016,2022-09-29 14:16:45.753333421,2022PF000330
203,404,ENVIADA,203001,120016,2022-10-20 10:51:08.829999843,2022PF000364
203,1876,ENVIADA,203001,120016,2023-07-28 11:39:55.520000020,2023PF000209
203,1969,ENVIADA,203001,120016,2023-08-04 11:52:05.066666541,2023PF000224
203,2011,ENVIADA,203001,120016,2023-08-15 15:00:36.743333192,2023PF000232
203,2079,ENVIADA,203001,120016,2023-08-28 15:33:28.479999957,2023PF000249
203,2318,ENVIADA,203001,120016,2023-09-28 14:00:33.296666947,2023PF000290
203,2238,ENVIADA,203001,120016,2023-09-18 12:02:26.703333219,2023PF000277
203,2431,ENVIADA,203001,120016,2023-10-05 10:37:52.336666796,2023PF000295
203,2464,ENVIADA,203001,120016,2023-10-11 10:16:12.986666791,2023PF000304
203,2552,ENVIADA,203001,120016,2023-10-31 14:41:03.539999837,2023PF000317
203,2703,ENVIADA,203001,120016,2023-11-13 09:10:44.486666584,2023PF000331
203,3026,ENVIADA,203001,120016,2023-12-11 09:02:02.386666435,2023PF000387
203,3144,ENVIADA,203001,120016,2023-12-19 11:32:43.619999700,2023PF000399
203,3840,ENVIADA,203001,120016,2024-02-28 15:26:41.653333524,2024PF000039
203,4444,ENVIADA,203001,120016,2024-04-18 14:35:25.806666511,2024PF000083
203,5014,ENVIADA,203001,120016,2024-06-05 15:01:53.873333137,2024PF000124
203,4728,ENVIADA,203001,120016,2024-05-09 11:05:01.296666726,2024PF000101
203,5581,ENVIADA,203001,120016,2024-07-16 10:40:44.416666591,2024PF000164
203,5579,ENVIADA,203001,120016,2024-07-16 10:37:17.066666622,2024PF000162
203,5673,ENVIADA,203001,120016,2024-07-29 15:50:47.283333074,2024PF000176
203,7008,ENVIADA,203001,120016,2024-11-11 09:46:50.663333066,2024PF000302
203,6264,ENVIADA,203001,120016,2024-09-12 17:11:13.106666581,2024PF000225
203,6265,ENVIADA,203001,120016,2024-09-12 17:14:17.539999713,2024PF000226
203,6270,ENVIADA,203001,120016,2024-09-13 14:05:53.876666561,2024PF000228
203,7718,ENVIADA,203001,120016,2024-12-20 14:00:15.436666503,2024PF000346
203,6536,ENVIADA,203001,120016,2024-10-04 09:39:19.329999845,2024PF000258
203,7333,ENVIADA,203001,120016,2024-12-04 14:38:52.363333178,2024PF000325
203,10287,ENVIADA,203001,120016,2025-06-25 11:11:28.553333326,2025PF000158
203,9910,ENVIADA,203001,120016,2025-06-03 10:59:39.363333204,2025PF000134
217,490,ENVIADA,203001,120016,2022-11-22 14:08:35.669999783,2022PF000410
217,501,ENVIADA,203001,120016,2022-11-25 09:32:10.209999791,2022PF000419
217,503,ENVIADA,203001,120016,2022-11-25 11:41:31.186666417,2022PF000420
217,496,ENVIADA,203001,120016,2022-11-23 13:23:27.109999815,2022PF000416
217,522,ENVIADA,203001,120016,2022-12-01 10:34:43.453333286,2022PF000433
217,519,ENVIADA,203001,120016,2022-12-01 09:15:05.306666713,2022PF000430
217,713,ENVIADA,203001,120016,2022-12-27 16:50:10.776666687,2022PF000485
217,240,ENVIADA,203001,120016,2022-08-24 09:26:33.136666526,2022PF000268
217,220,ENVIADA,203001,120016,2022-08-18 14:28:59.043333587,2022PF000253
217,225,ENVIADA,203001,120016,2022-08-22 11:17:43.120000106,2022PF000257
217,252,ENVIADA,203001,120016,2022-09-01 18:16:57.009999933,2022PF000275
217,258,ENVIADA,203001,120016,2022-09-05 09:41:00.136666775,2022PF000280
217,263,ENVIADA,203001,120016,2022-09-05 15:50:17.429999729,2022PF000285
217,309,ENVIADA,203001,120016,2022-09-21 09:18:33.676666565,2022PF000315
217,308,ENVIADA,203001,120016,2022-09-20 16:43:15.050000121,2022PF000314
217,337,ENVIADA,203001,120016,2022-09-28 15:32:14.923333579,2022PF000326
217,360,ENVIADA,203001,120016,2022-10-05 10:04:19.189999712,2022PF000341
217,383,ENVIADA,203001,120016,2022-10-10 16:16:14.796666906,2022PF000349
217,402,ENVIADA,203001,120016,2022-10-20 10:38:01.359999723,2022PF000362
217,425,ENVIADA,203001,120016,2022-11-01 14:45:13.770000074,2022PF000377
212,491,ENVIADA,203001,120016,2022-11-22 14:12:21.263333339,2022PF000411
212,590,ENVIADA,203001,120016,2022-12-14 14:10:43.756666734,2022PF000461
212,715,ENVIADA,203001,120016,2022-12-27 16:54:23.156666582,2022PF000486
212,728,ENVIADA,203001,120016,2022-12-28 10:37:18.069999919,2022PF000490
212,828,ENVIADA,203001,120016,2023-01-20 16:40:26.309999936,2023PF000014
212,45,ENVIADA,203001,120016,2022-06-22 14:51:12.619999946,2022PF000168
212,161,ENVIADA,203001,120016,2022-07-29 10:53:02.806666751,2022PF000223
212,182,ENVIADA,203001,120016,2022-08-04 14:21:41.719999685,2022PF000232
212,210,ENVIADA,203001,120016,2022-08-12 13:33:42.780000136,2022PF000249
212,249,ENVIADA,203001,120016,2022-08-31 08:50:53.896666830,2022PF000273
212,310,ENVIADA,203001,120016,2022-09-21 09:21:09.209999917,2022PF000316
212,340,ENVIADA,203001,120016,2022-09-29 09:16:19.973333236,2022PF000328
212,2117,ENVIADA,203001,120016,2023-09-01 10:56:45.436666447,2023PF000255
212,2184,ENVIADA,203001,120016,2023-09-11 11:52:47.069999990,2023PF000261
212,2887,ENVIADA,203001,120016,2023-12-04 12:40:19.960000017,2023PF000368
212,2214,ENVIADA,203001,120016,2023-09-12 16:30:31.483333558,2023PF000269
212,2240,ENVIADA,203001,120016,2023-09-18 12:12:10.939999714,2023PF000279
212,2888,ENVIADA,203001,120016,2023-12-04 12:41:15.593333343,2023PF000369
212,2550,ENVIADA,203001,120016,2023-10-31 11:21:51.623333115,2023PF000315
212,2556,ENVIADA,203001,120016,2023-11-01 09:27:27.679999985,2023PF000319
212,2897,ENVIADA,203001,120016,2023-12-04 16:37:19.770000124,2023PF000371
212,2898,ENVIADA,203001,120016,2023-12-04 16:38:11.710000158,2023PF000372
212,2706,ENVIADA,203001,120016,2023-11-13 09:33:32.256666766,2023PF000334
212,2713,ENVIADA,203001,120016,2023-11-13 14:48:04.463333429,2023PF000339
212,2729,ENVIADA,203001,120016,2023-11-16 11:46:46.176666686,2023PF000340
212,2752,ENVIADA,203001,120016,2023-11-21 09:23:30.533333147,2023PF000346
212,2805,ENVIADA,203001,120016,2023-11-23 16:55:11.423333593,2023PF000353
233,392,ENVIADA,203001,120016,2022-10-17 15:30:24.539999869,2022PF000354
233,400,ENVIADA,203001,120016,2022-10-20 10:31:09.769999753,2022PF000360
233,433,ENVIADA,203001,120016,2022-11-03 14:54:03.603333113,2022PF000380
946,5896,ENVIADA,203001,120016,2024-08-16 16:01:20.880000140,2024PF000196
946,5897,ENVIADA,203001,120016,2024-08-16 16:03:11.366666366,2024PF000197
946,5905,ENVIADA,203001,120016,2024-08-19 10:50:49.756666738,2024PF000198
946,5906,ENVIADA,203001,120016,2024-08-19 10:52:58.506666821,2024PF000199
1024,1789,ENVIADA,203001,120016,2023-07-13 16:55:47.339999699,2023PF000198
1024,2066,ENVIADA,203001,120016,2023-08-24 15:24:06.283333488,2023PF000245
1024,2086,ENVIADA,203001,120016,2023-08-30 10:01:39.936666668,2023PF000252
1024,2118,ENVIADA,203001,120016,2023-09-01 11:04:39.170000130,2023PF000256
1024,2219,ENVIADA,203001,120016,2023-09-13 15:22:34.453333447,2023PF000273
1024,2731,ENVIADA,203001,120016,2023-11-16 11:52:53.560000116,2023PF000342
1024,2813,ENVIADA,203001,120016,2023-11-24 10:33:08.536666590,2023PF000356
1024,2836,ENVIADA,203001,120016,2023-11-29 10:54:50.563333082,2023PF000362
1024,2841,ENVIADA,203001,120016,2023-11-29 16:24:23.370000056,2023PF000365
1024,3142,ENVIADA,203001,120016,2023-12-19 11:28:26.223333320,2023PF000397
1024,3495,ENVIADA,203001,120016,2024-01-19 09:28:18.360000065,2024PF000005
1024,3499,ENVIADA,203001,120016,2024-01-19 11:22:14.423333289,2024PF000007
1024,7478,ENVIADA,203001,120016,2024-12-10 10:59:22.126666606,2024PF000334
1024,6876,ENVIADA,203001,120016,2024-11-06 10:31:24.893333541,2024PF000294
1024,12494,ENVIADA,203001,120016,2025-11-05 14:29:58.279999943,2025PF000304
1152,2348,ENVIADA,203001,120016,2023-10-03 10:17:08.986666675,2023PF000294
1152,2479,ENVIADA,203001,120016,2023-10-16 13:31:53.946666822,2023PF000308
1152,2553,ENVIADA,203001,120016,2023-10-31 14:42:46.153333198,2023PF000318
1152,2936,ENVIADA,203001,120016,2023-12-05 09:06:06.233333385,2023PF000374
1152,2710,ENVIADA,203001,120016,2023-11-13 09:58:13.853333406,2023PF000338
1152,2730,ENVIADA,203001,120016,2023-11-16 11:49:18.613333568,2023PF000341
1152,2751,ENVIADA,203001,120016,2023-11-21 09:22:18.703333375,2023PF000345
1152,2804,ENVIADA,203001,120016,2023-11-23 16:53:46.973333374,2023PF000352
1152,2837,ENVIADA,203001,120016,2023-11-29 10:56:00.833333265,2023PF000363
1152,5580,ENVIADA,203001,120016,2024-07-16 10:39:08.309999934,2024PF000163
1152,6253,ENVIADA,203001,120016,2024-09-12 12:02:40.073333369,2024PF000218
1152,7717,ENVIADA,203001,120016,2024-12-20 13:59:24.909999933,2024PF000345
1152,7335,ENVIADA,203001,120016,2024-12-04 14:46:39.583333404,2024PF000327
278,1352,ENVIADA,203001,120013,2023-05-04 11:11:59.103333588,2023PF000124
278,1407,ENVIADA,203001,120013,2023-05-10 12:17:07.370000191,2023PF000129
278,1031,ENVIADA,203001,120013,2023-03-07 16:19:32.019999942,2023PF000052
278,1036,ENVIADA,203001,120013,2023-03-08 14:21:54.123333384,2023PF000057
278,1072,ENVIADA,203001,120013,2023-03-13 10:08:48.809999880,2023PF000059
278,1150,ENVIADA,203001,120013,2023-04-04 17:12:17.619999770,2023PF000089
278,465,ENVIADA,203001,120013,2022-11-11 09:22:13.993333279,2022PF000397
278,460,ENVIADA,203001,120013,2022-11-09 16:23:49.763333241,2022PF000390
278,509,ENVIADA,203001,120013,2022-11-25 16:11:16.973333234,2022PF000425
278,730,ENVIADA,203001,120013,2022-12-28 13:36:16.726666884,2022PF000492
278,507,ENVIADA,203001,120013,2022-11-25 14:50:23.886666913,2022PF000423
278,534,ENVIADA,203001,120013,2022-12-06 09:24:44.046666555,2022PF000442
278,535,ENVIADA,203001,120013,2022-12-06 09:32:04.406666749,2022PF000444
278,597,ENVIADA,203001,120013,2022-12-15 14:33:32.796666685,2022PF000465
278,685,ENVIADA,203001,120013,2022-12-26 15:29:54.310000142,2022PF000480
278,288,ENVIADA,203001,120013,2022-09-15 15:00:57.043333097,2022PF000300
278,352,ENVIADA,203001,120013,2022-10-04 09:33:05.586666451,2022PF000333
278,353,ENVIADA,203001,120013,2022-10-04 09:36:57.303333567,2022PF000334
278,407,ENVIADA,203001,120013,2022-10-21 09:16:50.873333479,2022PF000367
278,414,ENVIADA,203001,120013,2022-10-26 09:31:01.776666737,2022PF000371
278,830,ENVIADA,203001,120013,2023-01-23 14:53:53.623333550,2023PF000016
278,937,ENVIADA,203001,120013,2023-02-15 08:56:38.773333590,2023PF000036
278,2455,ENVIADA,203001,120013,2023-10-10 10:21:26.330000261,2023PF000299
278,2546,ENVIADA,203001,120013,2023-10-30 17:29:49.386666563,2023PF000313
278,2989,ENVIADA,203001,120013,2023-12-07 09:37:19.363333232,2023PF000383
278,3145,ENVIADA,203001,120013,2023-12-19 11:34:26.666666558,2023PF000400
278,3656,ENVIADA,203001,120013,2024-02-05 13:22:29.376666572,2024PF000021
278,3834,ENVIADA,203001,120013,2024-02-28 10:43:40.370000203,2024PF000035
278,4391,ENVIADA,203001,120013,2024-04-11 09:11:17.896666920,2024PF000077
278,4490,ENVIADA,203001,120013,2024-04-23 13:51:50.423333126,2024PF000088
278,5011,ENVIADA,203001,120013,2024-06-05 14:33:50.656666498,2024PF000122
278,5158,ENVIADA,203001,120013,2024-06-18 15:20:27.520000232,2024PF000146
278,4793,ENVIADA,203001,120013,2024-05-16 12:08:16.156666844,2024PF000107
278,5395,ENVIADA,203001,120013,2024-07-03 10:05:37.353333039,2024PF000153
278,5600,ENVIADA,203001,120013,2024-07-17 16:36:58.913333305,2024PF000169
278,5610,ENVIADA,203001,120013,2024-07-18 14:44:23.139999726,2024PF000173
278,5770,ENVIADA,203001,120013,2024-08-05 09:30:01.430000245,2024PF000181
278,7449,ENVIADA,203001,120013,2024-12-09 10:36:11.656666975,2024PF000330
278,6076,ENVIADA,203001,120013,2024-09-02 11:03:28.053333221,2024PF000210
278,7102,ENVIADA,203001,120013,2024-11-19 09:42:11.179999998,2024PF000308
278,7104,ENVIADA,203001,120013,2024-11-19 10:09:22.650000022,2024PF000311
278,8611,ENVIADA,203001,120013,2025-02-26 09:51:39.159999869,2025PF000046
278,7604,ENVIADA,203001,120013,2024-12-17 09:45:49.406666610,2024PF000343
278,6491,ENVIADA,203001,120013,2024-10-03 14:21:19.550000119,2024PF000251
278,6492,ENVIADA,203001,120013,2024-10-03 14:27:45.070000289,2024PF000252
278,6540,ENVIADA,203001,120013,2024-10-04 12:03:58.556666600,2024PF000262
278,6642,ENVIADA,203001,120013,2024-10-15 14:05:38.270000184,2024PF000273
278,6640,ENVIADA,203001,120013,2024-10-15 14:00:19.980000213,2024PF000271
278,6874,ENVIADA,203001,120013,2024-11-06 10:23:59.923333328,2024PF000293
278,8619,ENVIADA,203001,120013,2025-02-27 09:45:27.943333145,2025PF000050
278,8065,ENVIADA,203001,120013,2025-01-27 12:14:55.846666605,2025PF000014
278,8235,ENVIADA,203001,120013,2025-02-03 10:39:16.293333340,2025PF000019
278,8238,ENVIADA,203001,120013,2025-02-03 11:48:21.930000284,2025PF000021
278,12435,ENVIADA,203001,120013,2025-11-04 10:27:46.376666496,2025PF000302
278,10317,ENVIADA,203001,120013,2025-06-30 10:58:26.506666796,2025PF000162
278,10205,ENVIADA,203001,120013,2025-06-16 15:41:41.846666729,2025PF000154
278,9796,ENVIADA,203001,120013,2025-05-23 11:03:17.250000272,2025PF000123
278,9265,ENVIADA,203001,120013,2025-04-09 15:17:51.926666703,2025PF000092
278,9329,ENVIADA,203001,120013,2025-04-17 15:11:43.016666838,2025PF000096
278,9333,ENVIADA,203001,120013,2025-04-17 15:16:52.596666393,2025PF000100
278,10203,ENVIADA,203001,120013,2025-06-16 14:27:22.053333366,2025PF000153
278,10405,ENVIADA,203001,120013,2025-07-02 12:01:15.096666950,2025PF000172
278,10468,ENVIADA,203001,120013,2025-07-04 14:05:02.683333167,2025PF000185
278,10553,ENVIADA,203001,120013,2025-07-11 10:49:24.616666364,2025PF000189
278,13242,ENVIADA,203001,120013,2025-12-08 10:01:52.350000182,2025PF000348
278,10955,ENVIADA,203001,120013,2025-08-06 15:24:46.979999691,2025PF000214
278,10957,ENVIADA,203001,120013,2025-08-06 15:38:56.933333076,2025PF000216
278,11296,ENVIADA,203001,120013,2025-08-27 10:15:38.693333514,2025PF000231
278,11436,ENVIADA,203001,120013,2025-09-04 09:59:21.263333516,2025PF000235
278,11702,ENVIADA,203001,120013,2025-09-19 13:54:04.236666356,2025PF000262
278,12772,ENVIADA,203001,120013,2025-11-21 14:15:11.456666887,2025PF000317
199,5671,PENDENTE_ENVIO,203001,120013,,
199,956,ENVIADA,203001,120013,2023-02-23 16:28:48.666666964,2023PF000040
199,1347,ENVIADA,203001,120013,2023-05-03 17:15:57.143333183,2023PF000119
199,999,ENVIADA,203001,120013,2023-03-06 09:51:33.270000258,2023PF000047
199,1348,ENVIADA,203001,120013,2023-05-04 08:33:52.069999953,2023PF000120
199,1668,ENVIADA,203001,120013,2023-06-28 16:12:48.569999958,2023PF000186
199,1815,ENVIADA,203001,120013,2023-07-19 16:26:22.389999858,2023PF000202
199,1226,ENVIADA,203001,120013,2023-04-13 15:34:51.196666817,2023PF000095
199,1355,ENVIADA,203001,120013,2023-05-04 13:32:09.090000248,2023PF000126
199,1255,ENVIADA,203001,120013,2023-04-24 10:34:20.026666827,2023PF000103
199,1256,ENVIADA,203001,120013,2023-04-24 10:45:23.826666597,2023PF000104
199,1257,ENVIADA,203001,120013,2023-04-24 10:59:57.703333176,2023PF000105
199,1275,ENVIADA,203001,120013,2023-04-26 14:41:03.376666512,2023PF000107
199,1035,ENVIADA,203001,120013,2023-03-08 14:17:25.856666494,2023PF000056
199,1074,ENVIADA,203001,120013,2023-03-13 10:48:57.699999846,2023PF000060
199,2456,ENVIADA,203001,120013,2023-10-10 10:22:45.456666355,2023PF000300
199,1091,ENVIADA,203001,120013,2023-03-20 15:21:28.270000137,2023PF000069
199,1290,ENVIADA,203001,120013,2023-05-02 13:43:42.623333639,2023PF000114
199,1121,ENVIADA,203001,120013,2023-03-28 14:29:37.403333476,2023PF000074
199,1414,ENVIADA,203001,120013,2023-05-11 16:05:09.740000244,2023PF000132
199,1292,ENVIADA,203001,120013,2023-05-02 14:01:58.880000012,2023PF000115
199,1419,ENVIADA,203001,120013,2023-05-12 11:26:37.359999922,2023PF000134
199,1203,ENVIADA,203001,120013,2023-04-06 08:46:59.403333149,2023PF000093
199,1452,ENVIADA,203001,120013,2023-05-23 10:44:26.656666391,2023PF000146
199,1550,ENVIADA,203001,120013,2023-06-01 15:31:14.779999698,2023PF000157
199,1549,ENVIADA,203001,120013,2023-06-01 15:19:08.440000178,2023PF000155
199,1553,ENVIADA,203001,120013,2023-06-02 09:30:17.086666354,2023PF000161
199,829,ENVIADA,203001,120013,2023-01-23 14:51:20.023333107,2023PF000015
199,1754,ENVIADA,203001,120013,2023-07-06 14:09:57.813333151,2023PF000190
199,815,ENVIADA,203001,120013,2023-01-18 16:04:47.619999770,2023PF000007
199,1771,ENVIADA,203001,120013,2023-07-11 11:40:09.599999963,2023PF000194
199,456,ENVIADA,203001,120013,2022-11-09 15:47:09.463333568,2022PF000386
199,459,ENVIADA,203001,120013,2022-11-09 16:21:48.240000109,2022PF000389
199,462,ENVIADA,203001,120013,2022-11-10 15:00:20.336666751,2022PF000395
199,464,ENVIADA,203001,120013,2022-11-11 09:17:52.323333354,2022PF000396
199,485,ENVIADA,203001,120013,2022-11-21 14:32:44.239999862,2022PF000405
199,567,ENVIADA,203001,120013,2022-12-08 09:57:06.370000234,2022PF000449
199,580,ENVIADA,203001,120013,2022-12-12 12:54:16.986666565,2022PF000451
199,141,ENVIADA,203001,120013,2022-07-19 16:59:43.423333054,2022PF000202
199,506,ENVIADA,203001,120013,2022-11-25 14:46:48.176666518,2022PF000422
199,504,ENVIADA,203001,120013,2022-11-25 11:47:16.036666785,2022PF000421
199,594,ENVIADA,203001,120013,2022-12-15 09:14:58.386666782,2022PF000464
199,205,ENVIADA,203001,120013,2022-08-11 10:11:58.026666811,2022PF000247
199,515,ENVIADA,203001,120013,2022-11-29 10:32:26.446666562,2022PF000428
199,528,ENVIADA,203001,120013,2022-12-02 09:47:51.493333418,2022PF000438
199,125,ENVIADA,203001,120013,2022-07-08 09:24:21.843333204,2022PF000187
199,529,ENVIADA,203001,120013,2022-12-02 09:49:34.476666398,2022PF000439
199,613,ENVIADA,203001,120013,2022-12-19 17:35:31.746666485,2022PF000471
199,719,ENVIADA,203001,120013,2022-12-27 17:13:09.266666931,2022PF000487
199,278,ENVIADA,203001,120013,2022-09-09 17:00:49.850000136,2022PF000291
199,631,ENVIADA,203001,120013,2022-12-21 15:12:46.606666547,2022PF000474
199,637,ENVIADA,203001,120013,2022-12-22 14:53:41.373333360,2022PF000477
199,294,ENVIADA,203001,120013,2022-09-16 16:14:44.490000220,2022PF000303
199,729,ENVIADA,203001,120013,2022-12-28 10:49:55.969999743,2022PF000491
199,390,ENVIADA,203001,120013,2022-10-14 15:47:42.110000056,2022PF000353
199,399,ENVIADA,203001,120013,2022-10-19 10:41:23.213333040,2022PF000358
199,1956,ENVIADA,203001,120013,2023-08-03 15:24:57.339999959,2023PF000218
199,136,ENVIADA,203001,120013,2022-07-14 14:19:24.366666673,2022PF000196
199,135,ENVIADA,203001,120013,2022-07-14 14:16:40.826666576,2022PF000195
199,137,ENVIADA,203001,120013,2022-07-15 09:37:08.740000185,2022PF000197
199,47,ENVIADA,203001,120013,2022-06-28 10:56:01.136666592,2022PF000175
199,147,ENVIADA,203001,120013,2022-07-22 16:59:54.046666731,2022PF000211
199,183,ENVIADA,203001,120013,2022-08-04 14:39:33.923333315,2022PF000235
199,164,ENVIADA,203001,120013,2022-07-29 15:20:12.246666636,2022PF000227
199,226,ENVIADA,203001,120013,2022-08-22 16:34:07.559999880,2022PF000262
199,227,ENVIADA,203001,120013,2022-08-22 16:35:52.909999897,2022PF000263
199,238,ENVIADA,203001,120013,2022-08-23 17:50:54.550000138,2022PF000266
199,251,ENVIADA,203001,120013,2022-09-01 18:13:43.113333622,2022PF000274
199,260,ENVIADA,203001,120013,2022-09-05 09:46:36.106666648,2022PF000282
199,287,ENVIADA,203001,120013,2022-09-15 14:57:39.433333224,2022PF000299
199,315,ENVIADA,203001,120013,2022-09-21 14:45:20.373333171,2022PF000319
199,318,ENVIADA,203001,120013,2022-09-22 11:51:11.013333065,2022PF000320
199,323,ENVIADA,203001,120013,2022-09-23 13:42:18.833333480,2022PF000321
199,356,ENVIADA,203001,120013,2022-10-04 10:49:42.150000149,2022PF000338
199,357,ENVIADA,203001,120013,2022-10-04 10:51:25.020000158,2022PF000339
199,355,ENVIADA,203001,120013,2022-10-04 10:11:31.606666399,2022PF000337
199,385,ENVIADA,203001,120013,2022-10-11 14:23:55.403333367,2022PF000351
199,408,ENVIADA,203001,120013,2022-10-21 16:18:54.926666760,2022PF000368
199,406,ENVIADA,203001,120013,2022-10-21 09:14:53.219999849,2022PF000366
199,424,ENVIADA,203001,120013,2022-11-01 14:39:21.189999896,2022PF000376
199,426,ENVIADA,203001,120013,2022-11-01 15:50:12.096666401,2022PF000378
199,839,ENVIADA,203001,120013,2023-01-24 16:34:43.346666438,2023PF000017
199,930,ENVIADA,203001,120013,2023-02-10 12:02:45.923333072,2023PF000033
199,1866,ENVIADA,203001,120013,2023-07-27 10:32:47.543333470,2023PF000207
199,2000,ENVIADA,203001,120013,2023-08-15 10:05:15.459999768,2023PF000229
199,2069,ENVIADA,203001,120013,2023-08-25 11:09:35.356666835,2023PF000246
199,2059,ENVIADA,203001,120013,2023-08-24 09:21:38.563333464,2023PF000241
199,2083,ENVIADA,203001,120013,2023-08-29 11:41:31.546666852,2023PF000251
199,2302,ENVIADA,203001,120013,2023-09-26 14:27:27.239999938,2023PF000286
199,2505,ENVIADA,203001,120013,2023-10-20 10:47:08.993333641,2023PF000310
199,2183,ENVIADA,203001,120013,2023-09-11 11:50:58.059999836,2023PF000260
199,2195,ENVIADA,203001,120013,2023-09-12 10:05:25.653333632,2023PF000264
199,2290,ENVIADA,203001,120013,2023-09-25 10:15:12.690000023,2023PF000283
199,2557,ENVIADA,203001,120013,2023-11-01 09:29:06.116666824,2023PF000320
199,2949,ENVIADA,203001,120013,2023-12-05 15:05:50.276666388,2023PF000375
199,2676,ENVIADA,203001,120013,2023-11-08 11:33:54.680000132,2023PF000329
199,2704,ENVIADA,203001,120013,2023-11-13 09:29:30.566666849,2023PF000332
199,2753,ENVIADA,203001,120013,2023-11-21 09:25:17.896666520,2023PF000347
199,2768,ENVIADA,203001,120013,2023-11-22 08:55:16.420000235,2023PF000349
199,2990,ENVIADA,203001,120013,2023-12-07 09:39:48.463333574,2023PF000384
199,2814,ENVIADA,203001,120013,2023-11-24 10:35:29.006666972,2023PF000357
199,3141,ENVIADA,203001,120013,2023-12-19 11:26:33.726666808,2023PF000396
199,3653,ENVIADA,203001,120013,2024-02-05 09:10:22.056666669,2024PF000016
199,3324,ENVIADA,203001,120013,2023-12-27 09:59:58.223333457,2023PF000415
199,3345,ENVIADA,203001,120013,2023-12-27 14:18:33.180000033,2023PF000419
199,4199,ENVIADA,203001,120013,2024-04-02 12:05:18.490000142,2024PF000067
199,3742,ENVIADA,203001,120013,2024-02-15 15:10:29.583333246,2024PF000029
199,3835,ENVIADA,203001,120013,2024-02-28 10:44:37.730000135,2024PF000036
199,4046,ENVIADA,203001,120013,2024-03-14 14:28:14.196666633,2024PF000050
199,5010,ENVIADA,203001,120013,2024-06-05 14:25:56.093333289,2024PF000121
199,5157,ENVIADA,203001,120013,2024-06-18 15:21:30.843333469,2024PF000147
199,5066,ENVIADA,203001,120013,2024-06-07 11:21:36.763333378,2024PF000128
199,4792,ENVIADA,203001,120013,2024-05-16 12:06:41.673333024,2024PF000106
4487,12845,ENVIADA,203001,240106,2025-11-25 14:35:23.333333265,2025PF000330
4487,13744,ENVIADA,203001,240106,2025-12-26 11:23:21.136666490,2025PF000371
2664,5129,ENVIADA,203001,240106,2024-06-12 11:06:21.593333134,2024PF000144
2664,6487,ENVIADA,203001,240106,2024-10-03 11:37:26.806666514,2024PF000249
2664,8278,ENVIADA,203001,240106,2025-02-04 14:10:27.963333062,2025PF000024
2664,8858,ENVIADA,203001,240106,2025-03-17 09:12:27.013333366,2025PF000064
2664,11576,ENVIADA,203001,240106,2025-09-10 15:22:13.956666432,2025PF000242
2664,12003,ENVIADA,203001,240106,2025-10-08 10:19:21.196666724,2025PF000279
2664,12844,ENVIADA,203001,240106,2025-11-25 14:33:31.266666558,2025PF000329
2527,4200,ENVIADA,203001,240106,2024-04-02 13:54:56.156666751,2024PF000068
2527,5116,ENVIADA,203001,240106,2024-06-11 15:36:11.689999712,2024PF000137
2527,4643,ENVIADA,203001,240106,2024-05-07 08:30:20.870000121,2024PF000095
2527,5796,ENVIADA,203001,240106,2024-08-07 10:14:34.156666363,2024PF000186
2527,7290,ENVIADA,203001,240106,2024-12-03 14:24:23.953333158,2024PF000321
2527,6481,ENVIADA,203001,240106,2024-10-03 11:06:14.089999896,2024PF000246
2527,8279,ENVIADA,203001,240106,2025-02-04 14:12:59.616666466,2025PF000025
2527,6872,ENVIADA,203001,240106,2024-11-06 10:14:11.056666554,2024PF000292
2527,6868,ENVIADA,203001,240106,2024-11-06 10:01:15.713333207,2024PF000287
2527,8713,ENVIADA,203001,240106,2025-03-06 15:41:48.176666592,2025PF000058
2527,10194,ENVIADA,203001,240106,2025-06-16 09:57:03.773333571,2025PF000147
2527,9566,ENVIADA,203001,240106,2025-05-07 10:07:03.240000053,2025PF000112
2527,9562,ENVIADA,203001,240106,2025-05-07 09:58:37.603333453,2025PF000109
2527,10456,ENVIADA,203001,240106,2025-07-03 16:22:44.556666836,2025PF000179
2527,12608,ENVIADA,203001,240106,2025-11-11 14:51:37.170000057,2025PF000311
2527,11053,ENVIADA,203001,240106,2025-08-12 10:52:09.569999916,2025PF000220
2527,11924,ENVIADA,203001,240106,2025-10-02 15:19:55.223333103,2025PF000277
2527,13436,ENVIADA,203001,240106,2025-12-15 12:58:41.373333500,2025PF000358
2527,13747,ENVIADA,203001,240106,2025-12-26 11:27:45.823333060,2025PF000374
2521,5117,ENVIADA,203001,240106,2024-06-11 15:38:07.113333238,2024PF000138
2521,4644,ENVIADA,203001,240106,2024-05-07 08:31:36.059999782,2024PF000096
2521,5015,ENVIADA,203001,240106,2024-06-05 15:21:46.309999852,2024PF000125
2521,5400,ENVIADA,203001,240106,2024-07-03 10:17:59.673333508,2024PF000157
2521,5771,ENVIADA,203001,240106,2024-08-05 10:05:02.333333391,2024PF000182
2521,7292,ENVIADA,203001,240106,2024-12-03 14:26:28.226666463,2024PF000322
2521,6485,ENVIADA,203001,240106,2024-10-03 11:30:32.950000232,2024PF000247
2521,6869,ENVIADA,203001,240106,2024-11-06 10:05:05.429999852,2024PF000288
2521,8280,ENVIADA,203001,240106,2025-02-04 14:15:17.730000264,2025PF000026
2521,8889,ENVIADA,203001,240106,2025-03-18 14:43:14.973333153,2025PF000068
2521,10195,ENVIADA,203001,240106,2025-06-16 10:00:04.369999726,2025PF000148
2521,9823,ENVIADA,203001,240106,2025-05-27 09:57:05.619999902,2025PF000124
2521,10097,ENVIADA,203001,240106,2025-06-12 11:20:42.586666486,2025PF000139
2521,10103,ENVIADA,203001,240106,2025-06-12 12:15:26.703333247,2025PF000145
2521,9565,ENVIADA,203001,240106,2025-05-13 14:46:19.126666928,2025PF000117
2521,10458,ENVIADA,203001,240106,2025-07-03 16:25:31.366666542,2025PF000181
2521,12607,ENVIADA,203001,240106,2025-11-11 14:48:25.489999704,2025PF000310
2521,10950,ENVIADA,203001,240106,2025-08-06 09:04:00.633333195,2025PF000213
2521,11259,ENVIADA,203001,240106,2025-08-25 14:27:40.826666836,2025PF000229
2521,11560,ENVIADA,203001,240106,2025-09-09 13:43:10.839999823,2025PF000239
2521,11578,ENVIADA,203001,240106,2025-09-10 15:13:59.496666732,2025PF000241
2521,11923,ENVIADA,203001,240106,2025-10-02 15:16:24.746666580,2025PF000276
2521,12842,ENVIADA,203001,240106,2025-11-25 14:31:01.163333550,2025PF000327
2521,13437,ENVIADA,203001,240106,2025-12-15 13:00:40.176666552,2025PF000359
2521,13735,ENVIADA,203001,240106,2025-12-26 09:54:12.333333576,2025PF000369
2521,13746,ENVIADA,203001,240106,2025-12-26 11:25:33.953333177,2025PF000373
187,1172,ENVIADA,203001,240106,2023-04-05 14:57:53.323333450,2023PF000090
187,1350,ENVIADA,203001,240106,2023-05-04 08:42:16.376666607,2023PF000121
187,1033,ENVIADA,203001,240106,2023-03-08 11:44:20.869999722,2023PF000054
187,1145,ENVIADA,203001,240106,2023-04-04 15:47:30.636666591,2023PF000084
187,1146,ENVIADA,203001,240106,2023-04-04 16:01:20.393333218,2023PF000085
187,1566,ENVIADA,203001,240106,2023-06-06 10:19:18.436666728,2023PF000167
187,811,ENVIADA,203001,240106,2023-01-16 15:15:36.733333164,2023PF000005
187,471,ENVIADA,203001,240106,2022-11-16 09:18:05.449999731,2022PF000400
187,145,ENVIADA,203001,240106,2022-07-22 14:19:03.913333259,2022PF000209
187,585,ENVIADA,203001,240106,2022-12-14 10:55:39.016666750,2022PF000458
187,199,ENVIADA,203001,240106,2022-08-09 13:49:26.013333250,2022PF000243
187,825,ENVIADA,203001,240106,2023-01-20 11:18:05.056666355,2023PF000010
187,375,ENVIADA,203001,240106,2022-10-07 09:28:51.213333478,2022PF000347
187,196,ENVIADA,203001,240106,2022-08-09 11:57:57.006666918,2022PF000240
187,230,ENVIADA,203001,240106,2022-08-23 10:06:20.613333381,2022PF000264
187,300,ENVIADA,203001,240106,2022-09-19 10:26:55.846666855,2022PF000306
187,1958,ENVIADA,203001,240106,2023-08-03 15:33:56.879999939,2023PF000220
187,2198,ENVIADA,203001,240106,2023-09-12 11:25:02.253333501,2023PF000266
187,2985,ENVIADA,203001,240106,2023-12-07 09:14:59.223333062,2023PF000378
187,2673,ENVIADA,203001,240106,2023-11-08 11:20:24.939999729,2023PF000325
187,3073,ENVIADA,203001,240106,2023-12-13 10:15:14.150000157,2023PF000390
187,3654,ENVIADA,203001,240106,2024-02-05 09:12:21.680000046,2024PF000017
187,3251,ENVIADA,203001,240106,2023-12-21 09:49:19.956666826,2023PF000409
187,4198,ENVIADA,203001,240106,2024-04-02 12:01:19.093333569,2024PF000066
187,5112,ENVIADA,203001,240106,2024-06-11 15:29:04.733333445,2024PF000134
187,4646,ENVIADA,203001,240106,2024-05-07 08:33:39.366666627,2024PF000098
187,5398,ENVIADA,203001,240106,2024-07-03 10:14:00.569999817,2024PF000156
187,5794,ENVIADA,203001,240106,2024-08-07 10:08:26.943333633,2024PF000184
187,7289,ENVIADA,203001,240106,2024-12-03 14:23:12.590000039,2024PF000320
187,6479,ENVIADA,203001,240106,2024-10-03 11:05:03.073333064,2024PF000245
187,8283,ENVIADA,203001,240106,2025-02-04 14:21:06.076666814,2025PF000029
187,6867,ENVIADA,203001,240106,2024-11-06 10:00:06.566666667,2024PF000286
187,10457,ENVIADA,203001,240106,2025-07-03 16:24:06.710000028,2025PF000180
187,8888,ENVIADA,203001,240106,2025-03-18 14:42:05.126666644,2025PF000067
187,9564,ENVIADA,203001,240106,2025-05-07 10:00:20.286666815,2025PF000111
2646,8712,ENVIADA,203001,240106,2025-03-06 15:39:56.583333282,2025PF000057
2646,8282,ENVIADA,203001,240106,2025-02-04 14:19:46.823333612,2025PF000028
2646,9563,ENVIADA,203001,240106,2025-05-07 09:59:28.633333522,2025PF000110
2646,12843,ENVIADA,203001,240106,2025-11-25 14:32:18.266666464,2025PF000328
2687,4983,ENVIADA,203001,240106,2024-06-04 15:49:40.406666548,2024PF000120
2687,8706,ENVIADA,203001,240106,2025-03-06 10:52:24.090000119,2025PF000056
2687,6870,ENVIADA,203001,240106,2024-11-06 10:06:21.773333249,2024PF000289
2687,7547,ENVIADA,203001,240106,2024-12-13 09:48:16.690000083,2024PF000340
2687,6486,ENVIADA,203001,240106,2024-10-03 11:34:03.163333344,2024PF000248
2687,8281,ENVIADA,203001,240106,2025-02-04 14:17:44.166666382,2025PF000027
2687,8859,ENVIADA,203001,240106,2025-03-17 09:16:16.669999842,2025PF000065
2687,8890,ENVIADA,203001,240106,2025-03-18 14:44:39.266666810,2025PF000069
2687,9162,ENVIADA,203001,240106,2025-04-03 11:20:19.623333609,2025PF000084
2687,9561,ENVIADA,203001,240106,2025-05-07 09:57:52.913333079,2025PF000108
2687,9567,ENVIADA,203001,240106,2025-05-07 10:08:45.386666761,2025PF000113
2687,10403,ENVIADA,203001,240106,2025-07-02 11:57:28.416666597,2025PF000171
2687,10454,ENVIADA,203001,240106,2025-07-03 16:19:32.843333337,2025PF000177
2687,10455,ENVIADA,203001,240106,2025-07-03 16:20:39.193333033,2025PF000178
2687,10937,ENVIADA,203001,240106,2025-08-05 10:43:22.356666888,2025PF000210
2687,11052,ENVIADA,203001,240106,2025-08-12 10:50:39.349999818,2025PF000219
2687,12507,ENVIADA,203001,240106,2025-11-06 15:22:29.559999748,2025PF000306
2687,11579,ENVIADA,203001,240106,2025-09-11 10:34:31.173333634,2025PF000243
2687,11587,ENVIADA,203001,240106,2025-09-11 10:37:31.716666364,2025PF000244
2687,12709,ENVIADA,203001,240106,2025-11-18 10:35:59.880000192,2025PF000314
2687,11925,ENVIADA,203001,240106,2025-10-02 15:22:21.276666707,2025PF000278
2687,13438,ENVIADA,203001,240106,2025-12-15 13:01:39.093333634,2025PF000360
2687,13733,ENVIADA,203001,240106,2025-12-26 09:52:31.053333233,2025PF000368
2687,13745,ENVIADA,203001,240106,2025-12-26 11:24:41.280000019,2025PF000372
95,1173,ENVIADA,203001,240106,2023-04-05 15:08:49.856666360,2023PF000091
95,584,ENVIADA,203001,240106,2022-12-14 10:41:08.773333284,2022PF000457
95,197,ENVIADA,203001,240106,2022-08-09 13:38:40.266666703,2022PF000241
95,817,ENVIADA,203001,240106,2023-01-18 12:07:01.096666740,2023PF000006
95,146,ENVIADA,203001,240106,2022-07-22 14:21:36.929999764,2022PF000210
95,231,ENVIADA,203001,240106,2022-08-23 10:07:48.820000140,2022PF000265
95,299,ENVIADA,203001,240106,2022-09-19 09:57:00.489999816,2022PF000305
95,1957,ENVIADA,203001,240106,2023-08-03 15:31:20.253333642,2023PF000219
95,2196,ENVIADA,203001,240106,2023-09-12 10:11:53.653333179,2023PF000265
95,2674,ENVIADA,203001,240106,2023-11-08 11:22:35.033333275,2023PF000326
95,2987,ENVIADA,203001,240106,2023-12-07 09:20:13.136666962,2023PF000380
95,3242,ENVIADA,203001,240106,2023-12-20 14:23:42.576666624,2023PF000408
95,4197,ENVIADA,203001,240106,2024-04-02 11:56:10.813333246,2024PF000065
95,5115,ENVIADA,203001,240106,2024-06-11 15:34:32.840000267,2024PF000136
95,4645,ENVIADA,203001,240106,2024-05-07 08:32:21.696666976,2024PF000097
95,6478,ENVIADA,203001,240106,2024-10-03 11:02:31.379999752,2024PF000244
95,6864,ENVIADA,203001,240106,2024-11-06 09:56:05.999999781,2024PF000284
116,1353,ENVIADA,203001,240106,2023-05-04 11:18:37.456666632,2023PF000125
116,1034,ENVIADA,203001,240106,2023-03-08 11:46:05.056666800,2023PF000055
116,1565,ENVIADA,203001,240106,2023-06-06 10:14:25.913333230,2023PF000166
116,423,ENVIADA,203001,240106,2022-11-01 10:41:09.676666495,2022PF000375
116,1758,ENVIADA,203001,240106,2023-07-07 09:33:18.966666424,2023PF000193
116,198,ENVIADA,203001,240106,2022-08-09 13:43:20.886666939,2022PF000242
116,124,ENVIADA,203001,240106,2022-07-07 14:35:57.549999796,2022PF000186
116,301,ENVIADA,203001,240106,2022-09-19 11:27:28.293333598,2022PF000307
116,374,ENVIADA,203001,240106,2022-10-07 09:11:46.640000129,2022PF000346
116,2193,ENVIADA,203001,240106,2023-09-12 09:36:58.150000301,2023PF000262
116,2194,ENVIADA,203001,240106,2023-09-12 09:39:01.056666804,2023PF000263
116,2986,ENVIADA,203001,240106,2023-12-07 09:16:24.763333157,2023PF000379
116,2675,ENVIADA,203001,240106,2023-11-08 11:23:55.106666802,2023PF000327
116,3680,ENVIADA,203001,240106,2024-02-07 10:06:19.996666920,2024PF000024
116,3655,ENVIADA,203001,240106,2024-02-05 09:14:09.960000138,2024PF000018
116,3644,ENVIADA,203001,240106,2024-02-02 10:37:53.086666506,2024PF000013
116,3755,ENVIADA,203001,240106,2024-02-19 09:31:43.573333261,2024PF000031
116,4113,ENVIADA,203001,240106,2024-03-26 11:52:21.100000284,2024PF000054
116,5114,ENVIADA,203001,240106,2024-06-11 15:32:24.076666677,2024PF000135
116,4647,ENVIADA,203001,240106,2024-05-07 08:34:36.983333216,2024PF000099
116,5795,ENVIADA,203001,240106,2024-08-07 10:11:42.739999699,2024PF000185
116,6865,ENVIADA,203001,240106,2024-11-06 09:57:53.173333428,2024PF000285
116,6871,ENVIADA,203001,240106,2024-11-06 10:12:22.476666836,2024PF000291
116,6599,ENVIADA,203001,240106,2024-10-09 15:26:49.716666746,2024PF000266
961,1959,ENVIADA,203001,240106,2023-08-03 15:36:09.656666717,2023PF000221
961,2815,ENVIADA,203001,240106,2023-11-24 14:23:01.406666385,2023PF000359
961,3240,ENVIADA,203001,240106,2023-12-21 09:55:34.806666665,2023PF000410
961,4201,ENVIADA,203001,240106,2024-04-02 13:56:10.776666603,2024PF000069
3995,13063,ENVIADA,203001,120002,2025-12-02 09:57:36.346666374,2025PF000338
3995,13191,ENVIADA,203001,120002,2025-12-04 11:46:59.530000258,2025PF000346
3995,13245,ENVIADA,203001,120002,2025-12-08 11:13:00.003333302,2025PF000350
3995,12779,ENVIADA,203001,120002,2025-11-21 14:23:40.806666418,2025PF000324
4296,11654,ENVIADA,203001,120002,2025-09-17 10:20:04.376666618,2025PF000255
4296,11695,ENVIADA,203001,120002,2025-09-19 10:00:58.496666886,2025PF000261
4296,12023,ENVIADA,203001,120002,2025-10-09 10:03:33.093333250,2025PF000282
4296,12124,ENVIADA,203001,120002,2025-10-13 16:07:00.043333507,2025PF000288
4296,13084,ENVIADA,203001,120002,2025-12-02 14:25:54.380000199,2025PF000342
2580,8794,ENVIADA,203001,120002,2025-03-11 11:15:29.633333535,2025PF000060
2580,9240,ENVIADA,203001,120002,2025-04-08 09:47:05.996666840,2025PF000087
2580,9904,ENVIADA,203001,120002,2025-06-03 09:32:48.056666366,2025PF000132
2580,9515,ENVIADA,203001,120002,2025-05-06 11:05:54.516666361,2025PF000105
2566,5109,ENVIADA,203001,120002,2024-06-11 15:20:42.293333400,2024PF000131
2566,4866,ENVIADA,203001,120002,2024-05-22 11:08:44.166666503,2024PF000113
2566,7515,ENVIADA,203001,120002,2024-12-12 11:34:47.099999703,2024PF000337
2566,5886,ENVIADA,203001,120002,2024-08-15 11:56:36.846666813,2024PF000192
2566,5887,ENVIADA,203001,120002,2024-08-15 11:58:40.986666877,2024PF000193
2566,5888,ENVIADA,203001,120002,2024-08-15 12:00:31.186666362,2024PF000194
2566,6494,ENVIADA,203001,120002,2024-10-03 14:32:04.130000036,2024PF000254
2566,6639,ENVIADA,203001,120002,2024-10-15 13:58:23.380000242,2024PF000270
2566,6879,ENVIADA,203001,120002,2024-11-06 10:37:52.873333449,2024PF000297
2566,7793,ENVIADA,203001,120002,2024-12-23 17:19:50.816666539,2024PF000351
2566,7337,ENVIADA,203001,120002,2024-12-04 14:53:20.763333375,2024PF000329
2566,8176,ENVIADA,203001,120002,2025-01-27 12:08:23.276666955,2025PF000012
2566,8490,ENVIADA,203001,120002,2025-02-14 10:16:45.239999689,2025PF000035
4295,10588,ENVIADA,203001,120002,2025-07-15 11:36:10.513333471,2025PF000191
4295,13081,ENVIADA,203001,120002,2025-12-02 14:06:24.233333405,2025PF000341
4295,12778,ENVIADA,203001,120002,2025-11-21 14:22:24.886666695,2025PF000323
4304,12856,ENVIADA,203001,120002,2025-11-26 09:17:03.913333287,2025PF000333
4304,11651,ENVIADA,203001,120002,2025-09-17 09:48:54.513333319,2025PF000252
4304,11650,ENVIADA,203001,120002,2025-09-17 09:46:19.686666699,2025PF000251
2567,5125,ENVIADA,203001,120002,2024-06-11 16:10:36.803333231,2024PF000142
2567,7500,ENVIADA,203001,120002,2024-12-11 14:13:20.109999789,2024PF000335
2567,7667,PENDENTE_ENVIO,203001,120002,,
2520,7795,ENVIADA,203001,120002,2024-12-23 17:20:53.556666452,2024PF000352
2520,5111,ENVIADA,203001,120002,2024-06-11 15:26:55.676666351,2024PF000133
2520,5397,ENVIADA,203001,120002,2024-07-03 10:12:08.070000235,2024PF000155
2520,8496,ENVIADA,203001,120002,2025-02-14 14:37:22.236666404,2025PF000038
2520,6878,ENVIADA,203001,120002,2024-11-06 10:35:36.389999863,2024PF000296
2520,8593,ENVIADA,203001,120002,2025-02-24 17:38:53.863333221,2025PF000043
2520,10201,ENVIADA,203001,120002,2025-06-16 14:24:26.810000179,2025PF000151
2520,12775,ENVIADA,203001,120002,2025-11-21 14:18:24.563333580,2025PF000320
2520,10498,ENVIADA,203001,120002,2025-07-08 09:36:43.329999841,2025PF000188
2520,10589,ENVIADA,203001,120002,2025-07-15 11:38:08.800000140,2025PF000192
2520,11260,ENVIADA,203001,120002,2025-08-25 14:46:51.663333515,2025PF000230
2520,11648,ENVIADA,203001,120002,2025-09-17 09:40:44.209999871,2025PF000249
2520,11718,ENVIADA,203001,120002,2025-09-22 14:41:13.170000033,2025PF000265
2520,12123,ENVIADA,203001,120002,2025-10-13 16:05:54.953333134,2025PF000287
2520,12227,ENVIADA,203001,120002,2025-10-22 15:37:14.723333129,2025PF000294
2520,12774,ENVIADA,203001,120002,2025-11-21 14:17:24.220000158,2025PF000319
2520,12370,ENVIADA,203001,120002,2025-11-03 11:06:14.336666729,2025PF000300
2520,13366,ENVIADA,203001,120002,2025-12-11 14:19:11.290000019,2025PF000356
2568,5884,ENVIADA,203001,120002,2024-08-15 11:46:04.703333119,2024PF000190
2568,5885,ENVIADA,203001,120002,2024-08-15 11:49:11.300000047,2024PF000191
2568,7450,ENVIADA,203001,120002,2024-12-09 10:41:54.916666408,2024PF000331
2568,6266,ENVIADA,203001,120002,2024-09-12 17:30:24.486666658,2024PF000227
2568,6880,ENVIADA,203001,120002,2024-11-06 10:41:03.276666631,2024PF000298
2568,6495,ENVIADA,203001,120002,2024-10-03 14:33:30.043333451,2024PF000255
2568,11652,ENVIADA,203001,120002,2025-09-17 09:50:04.979999990,2025PF000253
2568,13272,ENVIADA,203001,120002,2025-12-09 14:07:09.230000168,2025PF000351
2742,7796,ENVIADA,203001,120002,2024-12-23 17:23:22.146666541,2024PF000353
2742,12777,ENVIADA,203001,120002,2025-11-21 14:21:29.613333182,2025PF000322
2714,8177,ENVIADA,203001,120002,2025-01-27 12:10:29.013333447,2025PF000013
2714,8497,ENVIADA,203001,120002,2025-02-14 14:38:27.503333617,2025PF000039
2714,6881,ENVIADA,203001,120002,2024-11-06 10:44:45.063333294,2024PF000299
2714,8591,ENVIADA,203001,120002,2025-02-24 17:35:28.486666691,2025PF000041
2714,8999,ENVIADA,203001,120002,2025-03-25 09:57:03.379999982,2025PF000073
2714,9000,ENVIADA,203001,120002,2025-03-25 09:58:50.279999764,2025PF000074
2714,9239,ENVIADA,203001,120002,2025-04-08 09:46:00.036666410,2025PF000086
2714,9259,ENVIADA,203001,120002,2025-04-09 11:13:42.656666367,2025PF000088
2714,10100,ENVIADA,203001,120002,2025-06-12 11:46:39.303333416,2025PF000144
2714,9514,ENVIADA,203001,120002,2025-05-06 11:04:46.433333297,2025PF000104
2714,11647,ENVIADA,203001,120002,2025-09-17 09:39:02.556666838,2025PF000248
2714,11719,ENVIADA,203001,120002,2025-09-22 14:42:01.883333427,2025PF000266
2714,12776,ENVIADA,203001,120002,2025-11-21 14:19:18.573333456,2025PF000321
2543,4313,ENVIADA,203001,120002,2024-04-05 10:22:58.776666781,2024PF000074
2543,4315,ENVIADA,203001,120002,2024-04-05 10:27:25.296666796,2024PF000075
2543,5110,ENVIADA,203001,120002,2024-06-11 15:22:43.246666732,2024PF000132
2543,4452,ENVIADA,203001,120002,2024-04-19 11:27:28.736666910,2024PF000084
2543,4488,ENVIADA,203001,120002,2024-04-23 13:49:28.946666386,2024PF000087
2543,5119,ENVIADA,203001,120002,2024-06-11 15:43:34.123333431,2024PF000140
2543,5013,ENVIADA,203001,120002,2024-06-05 14:56:21.053333149,2024PF000123
2543,4764,ENVIADA,203001,120002,2024-05-13 17:24:05.873333535,2024PF000103
2543,4794,ENVIADA,203001,120002,2024-05-16 12:10:27.259999818,2024PF000108
2543,4791,ENVIADA,203001,120002,2024-05-16 12:00:24.333333361,2024PF000105
2543,5394,ENVIADA,203001,120002,2024-07-03 10:01:56.046666544,2024PF000152
2543,5396,ENVIADA,203001,120002,2024-07-03 10:09:07.816666677,2024PF000154
2543,5599,ENVIADA,203001,120002,2024-07-17 16:34:40.756666537,2024PF000168
2543,8495,ENVIADA,203001,120002,2025-02-14 14:36:21.959999913,2025PF000037
2543,5609,ENVIADA,203001,120002,2024-07-18 14:43:10.236666656,2024PF000172
2543,8592,ENVIADA,203001,120002,2025-02-24 17:37:19.639999741,2025PF000042
2543,5907,ENVIADA,203001,120002,2024-08-19 11:05:16.263333312,2024PF000200
2543,5923,ENVIADA,203001,120002,2024-08-21 16:10:33.433333527,2024PF000204
2543,5924,ENVIADA,203001,120002,2024-08-21 16:13:32.936666744,2024PF000205
2543,5921,ENVIADA,203001,120002,2024-08-21 16:08:12.336666861,2024PF000203
2543,6250,ENVIADA,203001,120002,2024-09-12 11:43:15.453333321,2024PF000216
2543,6251,ENVIADA,203001,120002,2024-09-12 11:46:17.923333460,2024PF000217
2543,7103,ENVIADA,203001,120002,2024-11-19 09:43:30.489999686,2024PF000309
2543,6493,ENVIADA,203001,120002,2024-10-03 14:29:51.523333336,2024PF000253
2543,6673,ENVIADA,203001,120002,2024-10-17 14:32:49.820000023,2024PF000277
2543,7336,ENVIADA,203001,120002,2024-12-04 14:51:56.399999734,2024PF000328
2543,6877,ENVIADA,203001,120002,2024-11-06 10:34:01.223333264,2024PF000295
2543,7792,ENVIADA,203001,120002,2024-12-23 17:18:42.916666438,2024PF000350
2543,8175,ENVIADA,203001,120002,2025-01-27 11:59:04.513333421,2025PF000011
2543,8620,ENVIADA,203001,120002,2025-02-27 09:05:20.730000062,2025PF000049
2543,8424,ENVIADA,203001,120002,2025-02-11 11:24:42.563333304,2025PF000032
2543,8237,ENVIADA,203001,120002,2025-02-03 10:44:06.733333498,2025PF000020
2543,8494,ENVIADA,203001,120002,2025-02-14 14:34:32.386666713,2025PF000036
2543,8703,ENVIADA,203001,120002,2025-03-05 15:54:10.793333635,2025PF000053
2543,8789,ENVIADA,203001,120002,2025-03-11 10:04:55.933333527,2025PF000059
2543,8891,ENVIADA,203001,120002,2025-03-18 14:45:59.653333480,2025PF000070
2543,10198,ENVIADA,203001,120002,2025-06-16 14:21:36.563333207,2025PF000149
2543,9260,ENVIADA,203001,120002,2025-04-09 11:14:58.579999782,2025PF000089
2543,9266,ENVIADA,203001,120002,2025-04-09 15:00:33.636666908,2025PF000090
2543,9267,ENVIADA,203001,120002,2025-04-09 15:01:36.489999792,2025PF000091
2543,9311,ENVIADA,203001,120002,2025-04-16 09:48:58.033333463,2025PF000094
2543,10200,ENVIADA,203001,120002,2025-06-16 14:23:13.553333427,2025PF000150
2543,9330,ENVIADA,203001,120002,2025-04-17 15:13:25.613333613,2025PF000097
2543,9331,ENVIADA,203001,120002,2025-04-17 15:14:55.813333450,2025PF000098
2543,9414,ENVIADA,203001,120002,2025-04-28 14:29:24.170000259,2025PF000101
2543,10099,ENVIADA,203001,120002,2025-06-12 11:45:09.920000211,2025PF000143
2543,10318,ENVIADA,203001,120002,2025-06-30 10:59:48.050000272,2025PF000163
2543,9516,ENVIADA,203001,120002,2025-05-06 11:07:20.113333564,2025PF000106
2543,9517,ENVIADA,203001,120002,2025-05-06 11:08:06.443333352,2025PF000107
2543,10402,ENVIADA,203001,120002,2025-07-02 11:50:08.153333419,2025PF000170
2543,10406,ENVIADA,203001,120002,2025-07-02 12:04:16.816666756,2025PF000173
2543,10459,ENVIADA,203001,120002,2025-07-03 16:28:19.600000167,2025PF000182
2543,10466,ENVIADA,203001,120002,2025-07-04 13:58:28.203333317,2025PF000183
2543,10467,ENVIADA,203001,120002,2025-07-04 14:02:12.796666630,2025PF000184
2543,10692,ENVIADA,203001,120002,2025-07-22 09:28:47.796666490,2025PF000195
2543,10734,ENVIADA,203001,120002,2025-07-23 16:48:43.083333250,2025PF000200
2543,10956,ENVIADA,203001,120002,2025-08-06 15:30:12.233333194,2025PF000215
2543,11217,ENVIADA,203001,120002,2025-08-21 15:54:10.633333363,2025PF000227
2543,11649,ENVIADA,203001,120002,2025-09-17 09:42:05.363333449,2025PF000250
2543,11693,ENVIADA,203001,120002,2025-09-19 09:51:33.283333143,2025PF000259
2543,11694,ENVIADA,203001,120002,2025-09-19 09:59:21.343333332,2025PF000260
2543,12122,ENVIADA,203001,120002,2025-10-13 16:04:38.876666839,2025PF000286
2543,13080,ENVIADA,203001,120002,2025-12-02 14:03:37.046666678,2025PF000340
2543,12773,ENVIADA,203001,120002,2025-11-21 14:16:14.226666893,2025PF000318
3270,8187,ENVIADA,203001,154040,2025-01-29 09:48:57.193333499,2025PF000016
3270,8332,PENDENTE_ENVIO,203001,154040,,
4704,12718,ENVIADA,203001,154048,2025-11-18 14:53:24.099999924,2025PF000315
4214,11748,ENVIADA,203001,154041,2025-09-24 09:59:33.950000273,2025PF000268
2573,5601,ENVIADA,203001,154041,2024-07-17 16:41:07.533333600,2024PF000170
2819,6263,ENVIADA,203001,153103,2024-09-12 17:06:45.756666417,2024PF000224
2819,10267,ENVIADA,203001,153103,2025-06-23 14:12:37.723333196,2025PF000155
2775,7548,ENVIADA,203001,154419,2024-12-13 09:59:35.390000129,2024PF000341
2775,11838,ENVIADA,203001,154419,2025-09-30 10:19:56.563333299,2025PF000271
2775,14114,PENDENTE_ENVIO,203001,154419,,
110,497,ENVIADA,203001,158155,2022-11-24 08:54:04.823333159,2022PF000418
110,1982,ENVIADA,203001,158155,2023-08-08 13:58:33.043333592,2023PF000225
110,3739,ENVIADA,203001,158155,2024-02-15 14:54:42.273333074,2024PF000026
110,7720,ENVIADA,203001,158155,2024-12-20 14:05:25.849999907,2024PF000348
110,10408,ENVIADA,203001,158155,2025-07-02 13:41:29.420000116,2025PF000174
110,11213,ENVIADA,203001,158155,2025-08-21 14:15:39.939999739,2025PF000226
823,1283,ENVIADA,203001,154041,2023-04-28 11:42:54.086666872,2023PF000110
823,1093,ENVIADA,203001,154041,2023-03-20 15:26:19.563333143,2023PF000071
823,1444,ENVIADA,203001,154041,2023-05-18 09:53:26.503333595,2023PF000141
823,1636,ENVIADA,203001,154041,2023-06-22 09:37:20.966666422,2023PF000180
823,1865,ENVIADA,203001,154041,2023-07-27 09:12:36.336666551,2023PF000206
823,2038,ENVIADA,203001,154041,2023-08-18 11:39:17.443333180,2023PF000239
823,2333,ENVIADA,203001,154041,2023-10-02 09:30:06.330000075,2023PF000293
823,2646,ENVIADA,203001,154041,2023-11-06 09:51:54.253333563,2023PF000322
823,2647,ENVIADA,203001,154041,2023-11-06 09:57:21.203333579,2023PF000323
823,3161,ENVIADA,203001,154041,2023-12-19 14:15:50.950000252,2023PF000402
823,3200,ENVIADA,203001,154041,2023-12-19 16:50:38.693333440,2023PF000403
823,3204,ENVIADA,203001,154041,2023-12-19 16:55:14.983333645,2023PF000404
230,1174,ENVIADA,203001,120631,2023-04-05 15:17:09.120000128,2023PF000092
230,1667,ENVIADA,203001,120631,2023-06-28 15:30:36.813333398,2023PF000185
230,1814,ENVIADA,203001,120631,2023-07-19 16:24:57.826666667,2023PF000201
230,1289,ENVIADA,203001,120631,2023-05-02 13:30:52.220000021,2023PF000113
230,1092,ENVIADA,203001,120631,2023-03-20 15:23:25.436666846,2023PF000070
230,1123,ENVIADA,203001,120631,2023-03-28 14:45:51.423333232,2023PF000075
230,1148,ENVIADA,203001,120631,2023-04-04 16:36:20.273333428,2023PF000087
230,1630,ENVIADA,203001,120631,2023-06-21 14:10:37.873333246,2023PF000176
230,1445,ENVIADA,203001,120631,2023-05-18 14:28:08.559999995,2023PF000144
230,1552,ENVIADA,203001,120631,2023-06-01 15:35:38.143333075,2023PF000159
230,1569,ENVIADA,203001,120631,2023-06-06 16:04:00.286666694,2023PF000169
230,1635,ENVIADA,203001,120631,2023-06-22 09:31:57.993333378,2023PF000179
230,701,ENVIADA,203001,120631,2022-12-27 13:51:51.346666607,2022PF000481
230,510,ENVIADA,203001,120631,2022-11-25 16:15:14.753333102,2022PF000426
230,1877,ENVIADA,203001,120631,2023-07-28 11:51:57.369999876,2023PF000210
230,1995,ENVIADA,203001,120631,2023-08-11 16:14:39.110000239,2023PF000228
230,1984,ENVIADA,203001,120631,2023-08-09 16:19:15.879999973,2023PF000226
230,2077,ENVIADA,203001,120631,2023-08-28 15:29:21.223333394,2023PF000247
230,2322,ENVIADA,203001,120631,2023-09-28 14:40:40.116666440,2023PF000292
230,2199,ENVIADA,203001,120631,2023-09-12 11:37:57.823333420,2023PF000267
230,2462,ENVIADA,203001,120631,2023-10-11 08:52:57.963333201,2023PF000302
230,2485,ENVIADA,203001,120631,2023-10-17 09:05:22.886666465,2023PF000309
230,2558,ENVIADA,203001,120631,2023-11-01 09:48:30.203333288,2023PF000321
230,2854,ENVIADA,203001,120631,2023-11-30 15:56:28.646666453,2023PF000367
230,3740,ENVIADA,203001,120631,2024-02-15 14:57:36.656666660,2024PF000027
230,4003,ENVIADA,203001,120631,2024-03-11 15:04:15.850000306,2024PF000048
230,4844,ENVIADA,203001,120631,2024-05-21 13:55:35.216666618,2024PF000112
510,489,ENVIADA,203001,154040,2022-11-22 10:52:27.039999832,2022PF000407
510,856,ENVIADA,203001,154040,2023-02-01 11:21:56.636666539,2023PF000024
699,1249,ENVIADA,203001,153163,2023-04-20 10:28:00.479999769,2023PF000099
699,1089,ENVIADA,203001,153163,2023-03-20 15:11:29.679999835,2023PF000067
699,5602,ENVIADA,203001,153163,2024-07-17 16:43:58.979999717,2024PF000171
693,1889,ENVIADA,203001,154040,2023-07-31 13:43:50.896666856,2023PF000212
693,1455,ENVIADA,203001,154040,2023-05-23 10:50:24.856666638,2023PF000149
693,923,ENVIADA,203001,154040,2023-02-08 15:39:24.716666589,2023PF000032
693,6875,ENVIADA,203001,154040,2024-11-14 12:00:21.316666717,2024PF000307
696,1242,ENVIADA,203001,158009,2023-04-19 15:10:36.486666600,2023PF000097
696,1243,ENVIADA,203001,158009,2023-04-19 15:43:24.989999972,2023PF000098
696,858,ENVIADA,203001,158009,2023-02-01 14:39:45.520000197,2023PF000025
696,855,ENVIADA,203001,158009,2023-02-01 11:10:54.773333362,2023PF000023
696,1943,ENVIADA,203001,158009,2023-08-01 15:47:36.156666575,2023PF000214
696,2063,ENVIADA,203001,158009,2023-08-24 11:53:01.633333162,2023PF000244
696,2457,ENVIADA,203001,158009,2023-10-10 10:25:46.913333373,2023PF000301
696,2306,ENVIADA,203001,158009,2023-09-27 10:40:55.043333322,2023PF000287
696,2220,ENVIADA,203001,158009,2023-09-13 16:22:15.420000037,2023PF000274
696,2812,ENVIADA,203001,158009,2023-11-24 10:16:42.976666439,2023PF000355
696,3138,ENVIADA,203001,158009,2023-12-19 11:08:30.340000155,2023PF000395
696,3485,ENVIADA,203001,158009,2024-01-17 11:24:50.326666899,2024PF000004
696,3552,ENVIADA,203001,158009,2024-01-30 13:54:42.303333372,2024PF000011
696,3743,ENVIADA,203001,158009,2024-02-15 15:12:55.690000274,2024PF000030
696,4178,ENVIADA,203001,158009,2024-04-01 10:40:12.233333055,2024PF000057
696,4392,ENVIADA,203001,158009,2024-04-11 09:14:51.703333238,2024PF000078
696,5120,ENVIADA,203001,158009,2024-06-11 15:45:32.283333622,2024PF000141
696,4880,ENVIADA,203001,158009,2024-05-23 15:34:02.759999727,2024PF000115
696,5526,ENVIADA,203001,158009,2024-07-09 12:04:17.069999721,2024PF000159
696,7451,ENVIADA,203001,158009,2024-12-09 10:56:11.833333324,2024PF000332
696,5962,ENVIADA,203001,158009,2024-08-26 14:59:52.046666678,2024PF000207
696,6077,ENVIADA,203001,158009,2024-09-02 11:28:28.493333333,2024PF000211
696,6342,ENVIADA,203001,158009,2024-09-20 10:48:06.386666728,2024PF000232
696,7170,ENVIADA,203001,158009,2024-11-26 10:50:49.756666738,2024PF000313
696,6641,ENVIADA,203001,158009,2024-10-15 14:02:49.009999931,2024PF000272
696,6645,ENVIADA,203001,158009,2024-10-15 15:58:47.229999957,2024PF000275
696,8108,ENVIADA,203001,158009,2025-01-21 17:35:09.990000139,2025PF000009
696,8590,ENVIADA,203001,158009,2025-02-24 17:28:29.776666618,2025PF000040
696,8906,ENVIADA,203001,158009,2025-03-19 11:10:31.343333211,2025PF000071
696,9774,ENVIADA,203001,158009,2025-05-22 10:30:38.373333405,2025PF000122
696,9275,ENVIADA,203001,158009,2025-04-10 08:58:52.573333313,2025PF000093
1520,8062,ENVIADA,203001,153163,2025-01-16 14:33:50.153333630,2025PF000007
1520,8879,ENVIADA,203001,153163,2025-03-18 11:26:38.150000162,2025PF000066
1552,4195,ENVIADA,203001,154041,2024-04-02 11:41:48.989999745,2024PF000064
1552,6612,ENVIADA,203001,154041,2024-10-11 13:10:05.710000192,2024PF000267
1552,6620,ENVIADA,203001,154041,2024-10-14 11:48:46.783333091,2024PF000269
1552,10590,ENVIADA,203001,154041,2025-07-15 11:48:56.676666697,2025PF000193
1977,5882,ENVIADA,203001,153103,2024-08-15 10:34:35.746666806,2024PF000188
1977,6496,ENVIADA,203001,153103,2024-10-03 14:36:31.556666954,2024PF000256
1977,10409,ENVIADA,203001,153103,2025-07-02 13:42:54.043333485,2025PF000175
1977,10202,ENVIADA,203001,153103,2025-06-16 14:26:13.673333114,2025PF000152
1977,9638,ENVIADA,203001,153103,2025-05-13 15:16:17.000000184,2025PF000118
1977,9639,ENVIADA,203001,153103,2025-05-13 15:21:13.706666965,2025PF000119
1977,10789,ENVIADA,203001,153103,2025-07-28 09:35:54.559999962,2025PF000201
1977,13192,ENVIADA,203001,153103,2025-12-04 11:48:10.539999705,2025PF000347
1977,13085,ENVIADA,203001,153103,2025-12-02 14:32:54.266666709,2025PF000343
1977,14168,PENDENTE_ENVIO,203001,153103,,
2158,3741,ENVIADA,203001,158155,2024-02-15 14:59:43.316666632,2024PF000028
